{
  "version": 2,
  "name": "manish-steel-backend",
  "builds": [
    {
      "src": "index.js",
      "use": "@vercel/node",
      "config": {
        "maxDuration": 10,
        "memory": 1024
      }
    }
  ],
  "routes": [
    {
      "src": "/uploads/(.*)",
      "dest": "/server/uploads/$1"
    },
    {
      "src": "/(.*)",
      "headers": {
        "Access-Control-Allow-Origin": "*",
        "Access-Control-Allow-Methods": "GET, POST, PUT, DELETE, OPTIONS, PATCH",
        "Access-Control-Allow-Headers": "Content-Type, Authorization, Accept, X-Requested-With",
        "Cache-Control": "public, max-age=0, s-maxage=300"
      },
      "dest": "/index.js"
    }
  ],
  "functions": {
    "index.js": {
      "maxDuration": 10,
      "memory": 1024,
      "runtime": "nodejs18.x"
    }
  },
  "regions": ["sin1"],
  "env": {
    "NODE_ENV": "production"
  }
}
